<?xml version="1.0" encoding="UTF-8" standalone="yes"?>
<addon id="repository.tvwatch2"
		name="TvWatch2 Repository"
		version="0.0.2"
		provider-name="Primatech">
	<extension point="xbmc.addon.repository" name="TvWatch2 XBMC Addon Repository">
		<checksum>https://raw.githubusercontent.com/tvwatch-kodi/TvWatch2/dev/repository.tvwatch2/addon.xml.md5</checksum>
		<info compressed="false">https://raw.githubusercontent.com/tvwatch-kodi/TvWatch2/dev/repository.tvwatch2/addon.xml</info>
		<datadir zip="true">https://github.com/tvwatch-kodi/TvWatch2/raw/dev/repository.tvwatch2</datadir>
	</extension>

	<extension point="xbmc.addon.metadata">
		<summary lang="fr">TvWatch2 Repository</summary>
		<description lang="fr">Télécharger et Installer TvWatch2</description>
		<summary lang="en">TvWatch2 Repository</summary>
		<description lang="en">Download and install TvWatch2</description>
		<platform>all</platform>
	</extension>
</addon>