<?xml version="1.0" encoding="UTF-8" standalone="yes"?>
<addon id="plugin.video.tvwatch2" name="TvWatch2" version="1.0.17" provider-name="Primatech">
    <requires>

        <trycatch>
            <try>
                <import addon="xbmc.python" version="3.0.0"/>
            </try>

            <catch>
                <import addon="xbmc.python" version="2.24.0"/>
            </catch>
        </trycatch>

        <import addon="script.module.urlresolver"  version="5.1.1" optional="true"/>
        <import addon="script.video.F4mProxy" optional="true"/>
        <import addon="script.module.simplejson" version="3.3.0"/>
        <import addon="script.module.requests" version="2.9.1"/>
        <import addon="script.module.dnspython" optional="true"/>
        <import addon="script.module.selenium" optional="true"/>
<!-- Pour le DEBUG        <import addon="script.module.pydevd" version="4.4.0"/> -->
    </requires>

    <extension point="xbmc.python.pluginsource" library="default.py">
        <provides>video</provides>
    </extension>

    <extension point="kodi.context.item">
        <menu id="kodi.core.main">
            <item library="resources/lib/gui/menuInformation.py">
		        <label>$ADDON[plugin.video.tvwatch2 30208]</label>
				<visible>Window.IsVisible(home) + ListItem.Property(sMeta)</visible>
            </item>
            <item library="resources/lib/gui/menuAddBookmark.py">
		        <label>$ADDON[plugin.video.tvwatch2 30210]</label>
				<visible>Window.IsVisible(home) + !ListItem.Property(isBookmark) + ListItem.Property(sMeta)</visible>
            </item>
            <item library="resources/lib/gui/menuSimil.py">
		        <label>$ADDON[plugin.video.tvwatch2 30213]</label>
				<visible>Window.IsVisible(home) + ListItem.Property(sMeta)</visible>
            </item>
            <item library="resources/lib/gui/menuDelBookmark.py">
		        <label>$ADDON[plugin.video.tvwatch2 30412]</label>
				<visible>Window.IsVisible(home) + ListItem.Property(isBookmark)</visible>
            </item>
		</menu>
    </extension>

    <extension point="xbmc.addon.metadata">
        <summary lang="fr">TvWatch2</summary>
        <description lang="fr">TvWatch2 est un module de streaming français, trouvez tous vos films, séries et mangas.</description>
        <summary lang="en">TvWatch2</summary>
        <description lang="en">TvWatch2 is a module for french streaming, find all your movies, TV shows and mangas.</description>
        <platform>all</platform>
        <license>GNU GENERAL PUBLIC LICENSE</license>
		<source>https://github.com/tvwatch-kodi/TvWatch2/</source>
        <assets>
            <icon>icon.png</icon>
            <fanart>fanart.jpg</fanart>
            <screenshot>screenshot-01.jpg</screenshot>
            <screenshot>screenshot-02.jpg</screenshot>
            <screenshot>screenshot-03.jpg</screenshot>
        </assets>
    </extension>
</addon>
